Type,Name,Request Count,Failure Count,Median Response Time,Average Response Time,Min Response Time,Max Response Time,Average Content Size,Requests/s,Failures/s,50%,66%,75%,80%,90%,95%,98%,99%,99.9%,99.99%,100%
GET,health,131,0,88,167.08782981487545,35.08924995549023,1264.5531659945846,15.0,2.199904994553947,0.0,88,120,170,230,470,590,970,1100,1300,1300,1300
POST,predict,712,0,440.0,1268.6554807414211,92.63991704210639,6351.623416994698,731.0056179775281,11.95673554291916,0.0,440,680,2000,2700,4100,4800,5300,5700,6400,6400,6400
,Aggregated,843,0,360.0,1097.4747425784585,35.08924995549023,6351.623416994698,619.7402135231317,14.156640537473107,0.0,360,570,900,2200,4000,4600,5300,5600,6400,6400,6400
