Type,Name,Request Count,Failure Count,Median Response Time,Average Response Time,Min Response Time,Max Response Time,Average Content Size,Requests/s,Failures/s,50%,66%,75%,80%,90%,95%,98%,99%,99.9%,99.99%,100%
GET,health,268,0,61,107.2132962038254,33.955040969885886,670.1718328986317,15.0,4.505278386242298,0.0,61,110,130,140,240,300,520,560,670,670,670
POST,predict,1277,0,170.0,376.746316211584,59.617916005663574,2254.984875093214,213.9389193422083,21.467315295639608,0.0,170,240,420,600,1100,1500,1800,1900,2200,2300,2300
,Aggregated,1545,0,160.0,329.9923684044129,33.955040969885886,2254.984875093214,179.4304207119741,25.972593681881907,0.0,160,210,300,490,950,1400,1700,1900,2200,2300,2300
